{
  "sampling_rate_hz": 24000,
  "duration_sec": 0.000167,
  "geometry": {
    "mic_positions_m": [
      [
        0.0,
        0.0,
        0.0
      ],
      [
        0.05,
        0.0,
        0.0
      ],
      [
        0.0,
        0.05,
        0.0
      ],
      [
        0.05,
        0.0,
        0.05
      ]
    ],
    "direction_unit_vector": [
      0.7198463103929542,
      0.6040227735550536,
      0.3420201433256687
    ]
  },
  "timing": {
    "delays_sec": [
      0.0,
      0.00010493386448876884,
      8.80499669905326e-05,
      0.00015479102823886634
    ],
    "tdoa_usec_ref0": [
      0.0,
      104.933864,
      88.049967,
      154.791028
    ]
  }
}